id,name,email,mobile_number
1,Kirk,ornare@sedtortor.net,(013890) 37420
2,Cain,volutpat@semmollisdui.com,(016977) 2245
3,Geoffrey,vitae@consectetuermaurisid.co.uk,0800 1111
4,Walter,odio.a.purus@sit.edu,(0161) 328 6656
5,Armand,Cras.vulputate@metusvitae.co.uk,0836 796 0064
6,Travis,malesuada.id.erat@faucibusid.com,07186 118681
7,Christian,amet@etipsum.edu,(0116) 453 8054
8,Warren,amet.luctus.vulputate@hendreritnequeIn.co.uk,0891 091 2561
9,Ian,Fusce@elitpharetra.org,0845 46 41
10,Cairo,auctor.vitae@tristiqueac.org,07624 856071
11,Samson,sem.Pellentesque@imperdietornare.co.uk,(0171) 332 9259
12,Fuller,amet.consectetuer@magnaUt.com,0845 46 43
13,Jerome,Donec@blanditcongue.org,(0117) 317 4014
14,Levi,Nullam@feugiattellus.org,056 2145 0742
15,Tyrone,lorem.semper@volutpatornarefacilisis.org,(0111) 748 7199
16,Theodore,montes.nascetur@vulputate.co.uk,0848 108 3282
17,Orlando,purus@urnaet.org,07624 935058
18,Colby,Fusce.aliquam.enim@noncursus.co.uk,07624 458346
19,Keegan,eros.turpis@tempor.edu,(01209) 985232
20,Barclay,condimentum@tellusPhaselluselit.com,(022) 1396 0398
21,Brett,nulla.Integer.urna@aceleifendvitae.com,0845 46 46
22,Hoyt,urna.nec@adlitoratorquent.com,0800 1111
23,Silas,Phasellus@tellus.org,076 7633 0071
24,Tyler,penatibus@lacusEtiambibendum.com,(017866) 27085
25,Chaim,mi@risusquis.org,0800 1111
26,Mannix,Quisque.nonummy@Nullamfeugiatplacerat.co.uk,(01214) 884892
27,Addison,quam.vel.sapien@laciniaorciconsectetuer.com,0800 444 8251
28,Todd,eleifend@purusDuiselementum.co.uk,0970 898 1554
29,Dieter,libero.Donec.consectetuer@lobortis.ca,0800 833003
30,Quamar,at@Phasellus.com,07305 304818
31,Neville,pellentesque@parturientmontes.co.uk,076 2114 8374
32,Troy,in.felis@semPellentesque.com,0845 46 41
33,Damian,dolor@cursus.com,(016999) 55892
33,Damien,dolor@cursus.com,(016999) 55892
34,Kyle,eleifend@ac.co.uk,0872 443 1301
1,Kirk,ornare@sedtortor.net,(013890) 37420
35,Keane,egestas.nunc.sed@id.edu,0371 473 0127
36,Buckminster,ornare.lectus@aliquam.ca,056 8417 3420
37,Hakeem,adipiscing@lectusNullam.ca,070 9020 3429
38,Chadwick,arcu.Curabitur@quisarcuvel.net,0800 1111
39,Kieran,Cras@magna.ca,(01285) 68417
40,Kyle,Mauris@sagittis.ca,0814 187 8171
41,Forrest,mattis@nonjustoProin.edu,(0118) 701 0473
42,Basil,Integer.mollis.Integer@sitametmassa.ca,(023) 9111 6754
43,Addison,Mauris.quis.turpis@arcu.ca,0929 589 0095
44,Perry,hendrerit.a.arcu@VivamusrhoncusDonec.co.uk,0800 256097
45,Laith,lacus.Quisque.imperdiet@id.edu,(026) 6225 3719
46,Merrill,vitae.diam@sitametconsectetuer.edu,0900 291 3109
47,Benedict,tortor.nibh@magna.org,(0118) 995 4905
48,Brett,lorem@Mauriseu.net,(01325) 68819
49,Francis,sit@pedeSuspendissedui.co.uk,0845 46 40
50,Dante,magnis.dis@ultricesiaculisodio.org,070 0645 7159
51,Ahmed,nec.ante.blandit@sitametlorem.com,(016977) 4629
52,Keegan,erat.vel.pede@Proinnon.ca,0500 810653
52,Keagan,erat.vel.pede@Proinnon.ca,0500 810653
53,Guy,Cras@non.org,0500 297369
54,Scott,tempor.bibendum.Donec@Integer.net,07624 602485
55,Myles,tincidunt@egetvolutpatornare.co.uk,0800 1111
56,Sylvester,dolor@metus.edu,(012516) 98875
57,Cruz,a.dui@risus.org,056 5247 1778
58,Theodore,Proin.dolor@egestasrhoncus.org,(01068) 47261
59,Armando,Cras.dolor.dolor@feugiatplacerat.com,07624 609306
60,Mannix,tellus.faucibus@maurisSuspendisse.ca,0800 773 4367
61,Carter,pellentesque.eget@urnaetarcu.co.uk,07538 310867
62,Porter,nulla@Fusce.ca,0980 645 5097
63,Merritt,tristique@mollislectus.org,(016977) 1047
64,Honorato,litora@pellentesqueSeddictum.net,0907 092 0355
65,Lane,mollis@ultriciesligulaNullam.net,0800 192803
66,Dale,tempus.risus.Donec@nunc.co.uk,0845 46 44
67,Tarik,tortor.Integer@lectusquis.net,0380 787 8807
68,Ray,vulputate.posuere@eget.net,070 9102 6547
69,Gabriel,pellentesque@arcuvel.net,(016977) 9270
70,Bruce,turpis.Nulla.aliquet@cursusnon.org,0800 298 3472
71,Jeremy,iaculis@dictumultriciesligula.co.uk,(0141) 869 9920
72,Stone,lacus.varius.et@Sed.com,055 5926 3768
73,Hamish,molestie.sodales@liberoat.co.uk,07208 270456
74,Ishmael,ac.tellus.Suspendisse@aliquetPhasellusfermentum.co.uk,0351 586 2167
75,Drew,non.vestibulum@eliteratvitae.com,055 1416 2535
76,Forrest,mollis@Duisat.com,0388 003 6445
77,Ezekiel,turpis.In@Integereu.edu,076 5664 0076
78,Jarrod,magna.a.tortor@Vivamus.co.uk,(010843) 85910
79,Eagan,convallis@cubiliaCurae.edu,(019053) 40212
80,Dorian,dictum.eleifend.nunc@nibhvulputatemauris.edu,(021) 9424 0371
81,Connor,orci.consectetuer@musDonec.org,0800 1111
82,Merrill,nostra@diam.ca,(01579) 54912
83,Chase,tincidunt.congue@aliquetodioEtiam.com,(0118) 173 5896
84,Macaulay,pharetra.Quisque@egetlacus.org,055 2182 6221
85,Victor,Quisque.varius.Nam@sagittisplaceratCras.edu,07688 603171
86,Daniel,ipsum.Donec.sollicitudin@vulputateeu.edu,(020) 3770 5771
87,Bradley,condimentum.eget@mus.org,(01766) 70194
88,Lev,porttitor.vulputate@velitegetlaoreet.ca,(01387) 96288
89,Clark,commodo.at@sagittisDuisgravida.net,(0116) 855 7827
90,Hop,pede.et@luctusfelis.com,(018557) 48420
91,Baker,euismod.urna.Nullam@tellusNunc.net,0390 642 3836
92,Isaac,ornare.elit.elit@estNuncullamcorper.co.uk,(019548) 78639
93,Merrill,elit.pede.malesuada@Aliquam.net,(01451) 68984
94,Gil,odio@egetmassa.org,0845 46 42
95,Lucian,vestibulum.neque.sed@tempuslorem.org,076 9781 2278
96,Prescott,lorem.luctus@faucibusorci.ca,07799 358611
97,Kuame,sapien@Maecenasiaculis.edu,055 7376 1771
98,Rafael,Sed@eueleifend.co.uk,(013154) 82263
99,Galvin,Nulla@risus.net,0845 46 49
100,Garrison,diam.nunc.ullamcorper@Nunc.org,0800 1111
